{"cameraMode":{"drawMode":0,"name":"Shaded","section":"Shading Mode"},"sceneLighting":true,"audioPlay":false,"sceneViewState":{"showFog":true,"showMaterialUpdate":false,"showSkybox":true,"showFlares":true,"showImageEffects":true,"showParticleSystems":true,"showVisualEffectGraphs":true,"m_FxEnabled":true},"in2DMode":false,"pivot":{"x":817.8499145507813,"y":545.5577392578125,"z":-394.6630554199219},"rotation":{"x":0.058716244995594028,"y":-0.04491183161735535,"z":0.002644256455823779,"w":0.9972604513168335},"size":247.98594665527345,"orthographic":false}