{"cameraMode":{"drawMode":0,"name":"Shaded","section":"Shading Mode"},"sceneLighting":false,"audioPlay":false,"sceneViewState":{"showFog":true,"showMaterialUpdate":false,"showSkybox":false,"showFlares":true,"showImageEffects":true,"showParticleSystems":true,"showVisualEffectGraphs":true,"m_FxEnabled":true},"in2DMode":false,"pivot":{"x":-15.815516471862793,"y":-54.08793258666992,"z":-48.52178955078125},"rotation":{"x":0.005690593738108873,"y":-0.0009031956433318555,"z":-0.000005898608378629433,"w":-0.9999853372573853},"size":50.611087799072269,"orthographic":false}