{"cameraMode":{"drawMode":0,"name":"Shaded","section":"Shading Mode"},"sceneLighting":false,"audioPlay":false,"sceneViewState":{"showFog":true,"showMaterialUpdate":false,"showSkybox":false,"showFlares":true,"showImageEffects":true,"showParticleSystems":true,"showVisualEffectGraphs":true,"m_FxEnabled":true},"in2DMode":false,"pivot":{"x":-3.3180112838745119,"y":-25.39616584777832,"z":-0.1537017822265625},"rotation":{"x":0.05514988675713539,"y":0.02156231924891472,"z":0.0011905605206266046,"w":-0.9982463121414185},"size":50.611087799072269,"orthographic":false}